"annotation_id","annotator","created_at","id","lead_time","sentiment","text","updated_at","y"
1,"1","2024-12-19T04:52:47.203722Z",1,23.726,"pos","creative has put a lot of effort into making this player appeal to those true geeks that search for coolness and functionality in electronic devices .","2024-12-19T04:52:47.203777Z",0
2,"1","2024-12-19T04:52:54.577229Z",2,5.579,"pos","navigation is easy and i found that syncing files from the player to the computer ( and vice versa ) was easy too . ","2024-12-19T04:52:54.577265Z",0
3,"1","2024-12-19T04:53:01.443628Z",3,4.774,"pos","the g3 looks like a work of art ! ","2024-12-19T04:53:01.443686Z",0
4,"1","2024-12-19T04:53:08.351665Z",4,4.42,"pos","all and all , i am extremely pleased with this camera . ","2024-12-19T04:53:08.351722Z",0
5,"1","2024-12-19T04:53:27.991962Z",5,17.89,"pos","it is easy enough to use for a beginner like me but it has plenty of features for me to grow into . ","2024-12-19T04:53:27.992004Z",0
6,"1","2024-12-19T04:56:38.103530Z",6,11.923,"neg","it is some protection for the unit , but for useability , forget it . ","2024-12-19T04:56:38.103566Z",0
7,"1","2024-12-19T04:56:43.899227Z",7,3.158,"pos","but this camera is great ! ","2024-12-19T04:56:43.899262Z",0
8,"1","2024-12-19T04:57:10.392454Z",8,7.962,"pos","after 10 years , i now downloaded mccaffee 's product after calling their support .... they answered quickly , and for free , and were very helpful .","2024-12-19T04:57:10.392488Z",0
9,"1","2024-12-19T04:58:18.615351Z",9,46.828,"pos","the software included is an easy installation and you have the option of using the creative software , windows media player 10 , or simply windows explorer to move music back and forth between your zen touch .","2024-12-19T04:58:18.615416Z",0
10,"1","2024-12-19T04:58:25.473268Z",10,5.162,"pos","because it can help a so-so photographer take spectacular photos ! ","2024-12-19T04:58:25.473303Z",0
11,"1","2024-12-19T04:58:31.712403Z",11,4.666,"neg","the player hangs up on file transfer every once-in-a-while , prompting a reset . ","2024-12-19T04:58:31.712437Z",0
12,"1","2024-12-19T04:58:39.308302Z",12,6.294,"pos","it is a multifunction phone , reception quality is better than the 610 .","2024-12-19T04:58:39.308336Z",0
13,"1","2024-12-19T04:58:51.866847Z",13,10.37,"pos","you can move the focus range to almost anywhere in the scene with the push of a button , and it has an on-screen manual focus mode that would be really helpful if shooting a scene that is tough to automatically focus . ","2024-12-19T04:58:51.866919Z",0
14,"1","2024-12-19T04:59:02.426726Z",14,9.24,"neg","i have tried many times to get a hold of apex who does n't seem to answer their emails and telephone number is constantly busy as ( i believe ) the one lonely customer service rep is probably extremely overworked . ","2024-12-19T04:59:02.426760Z",0
15,"1","2024-12-19T04:59:15.111585Z",15,11.345,"neg","the case is strong and stylish , but unfortunately lacks a window ( now a big deal ) . ","2024-12-19T04:59:15.111617Z",0
16,"1","2024-12-19T04:59:26.748010Z",16,10.307,"neg","while i was trying to play half life 2 it started popping up with "" alerts "" every twenty seconds ( literally ) , warning me my antivirus protection was off .","2024-12-19T04:59:26.748044Z",0
17,"1","2024-12-19T04:59:43.181870Z",17,14.769,"neg","i will also say that it takes a very long moment for the camera to do its digital image processing between the time you press the button and when the camera actually takes the picture .","2024-12-19T04:59:43.181916Z",0
18,"1","2024-12-19T04:59:52.378385Z",18,7.835,"pos","your choice of ten colors in a beatiful package .","2024-12-19T04:59:52.378414Z",0
19,"1","2024-12-19T04:59:59.285398Z",19,5.58,"neg","it has a 3x optical zoom , which is average for these cameras . ","2024-12-19T04:59:59.285429Z",0
20,"1","2024-12-19T05:00:06.989111Z",20,6.428,"neg","i sent creative customer service 3 emails in which they did not help me one bit and don 't seem to even want to help .","2024-12-19T05:00:06.989142Z",0
21,"1","2024-12-19T05:00:16.343403Z",21,8.145,"pos","but since it 's so small , it isn 't a big deal to bring it with me .","2024-12-19T05:00:16.343438Z",0
22,"1","2024-12-19T05:00:38.494220Z",22,20.493,"neg","also , some other mp3 players such as the nitrus allow you to play wma ( windows media audio ) files , whereas the ipod does not .","2024-12-19T05:00:38.494250Z",0
23,"1","2024-12-19T05:00:54.295713Z",23,14.182,"pos","however , there is a more detailed pdf manual on the cd ( and online ) that should answer any questions about the operational features of the zen micro .","2024-12-19T05:00:54.295750Z",0
24,"1","2024-12-19T05:00:57.650852Z",24,2.008,"pos","this is the best phone i have seen . ","2024-12-19T05:00:57.650905Z",0
25,"1","2024-12-19T05:01:04.243066Z",25,4.969,"pos","however , i suspect that many people are having a bad experience -- do not purchase this product .","2024-12-19T05:01:04.243119Z",0
26,"1","2024-12-19T05:01:16.681042Z",26,10.168,"pos","the buttons are easy to use , and its easy to navigate . ","2024-12-19T05:01:16.681080Z",0
27,"1","2024-12-19T05:01:28.704327Z",27,10.699,"pos","es , the interface took a little getting used to , but once i did , it 's almost second nature now .","2024-12-19T05:01:28.704358Z",0
28,"1","2024-12-19T05:01:35.959167Z",28,6.01,"pos","the sd500 software install was seamless and the product documentation is very detailed .","2024-12-19T05:01:35.959210Z",0
29,"1","2024-12-19T05:02:15.212272Z",29,5.55,"pos","has the click wheel and the ability to scan through thousnds of songs and organizes them great .","2024-12-19T05:02:15.212305Z",0
30,"1","2024-12-19T05:02:29.417323Z",30,12.549,"pos","the box included a little polyester , pull-string bag , ( yes , you read right a bag , something a boy would carry ten marbles in ) and tries to pass it off as the case .","2024-12-19T05:02:29.417357Z",0
31,"1","2024-12-19T05:02:49.817774Z",31,19.02,"pos","the zen has minimal stoppage between tracks ; when listening to music that continues from one track to the next the gap is just a hesitation - a slightly audible click ; if i am not listening for the progress from one track to the next i do n't even notice the click . ","2024-12-19T05:02:49.817805Z",0
32,"1","2024-12-19T05:03:10.831336Z",32,19.797,"neg","it seems to me that after the focus and metering are complete there is quite a lag before the shutter ? ","2024-12-19T05:03:10.831370Z",0
33,"1","2024-12-19T05:03:18.125487Z",33,3.047,"neg","very annoying .","2024-12-19T05:03:18.125518Z",0
34,"1","2024-12-19T05:03:45.407106Z",34,25.968,"neg","the keys are close together , and the layout is a bit funky in relation to standard rectangular layout keypads , but it 's not too weird . ","2024-12-19T05:03:45.407143Z",0
35,"1","2024-12-19T05:03:54.353677Z",35,7.637,"neg","it is embarassing getting phone calls from family members telling you that the dvd player you gave them less that 3 months ago is no longer working . ","2024-12-19T05:03:54.353719Z",0
36,"1","2024-12-19T05:04:04.357417Z",36,8.351,"pos","i have not yet used all the features , like the calendar , etc , but as a music player this little thing rocks .","2024-12-19T05:04:04.357451Z",0
37,"1","2024-12-19T05:04:13.445167Z",37,7.089,"neg","after multilple tries , one of the disks was finally recognized but video was poor and features not available . ","2024-12-19T05:04:13.445200Z",0
38,"1","2024-12-19T05:04:22.516021Z",38,7.833,"pos","its the easiest thing to setup i thought , and i am only 16 ... so with all that said , buy the router ! ! ! !","2024-12-19T05:04:22.516051Z",0
39,"1","2024-12-19T05:04:28.987485Z",39,4.919,"neg","it was immediately noticeable that nis slows down my computer ( pent4 , 256 ram ) .","2024-12-19T05:04:28.987518Z",0
40,"1","2024-12-19T05:04:34.634862Z",40,4.349,"neg","this player is not worth any price and i recommend that you do n't purchase it . ","2024-12-19T05:04:34.634913Z",0
41,"1","2024-12-19T05:04:43.114079Z",41,7.066,"pos","the range is terrific , i am using this for my home and i was transferring at 50 + mbs from my backyard .","2024-12-19T05:04:43.114116Z",0
42,"1","2024-12-19T05:05:05.906592Z",42,21.487,"pos","another thing i like about this camera is the way that you can swap colors around and the impressive video quality i would advise any person in the market for a camera to pay the little extra on the hefty $ 500 price tag and get a quality camera .","2024-12-19T05:05:05.906628Z",0
43,"1","2024-12-19T05:05:32.346684Z",43,23.915,"neg","it sits in the corner of our bathroom and we have never had any problems with odors at all ( and we live in the damp and humid south , where odors of all kinds are generally rife ) .","2024-12-19T05:05:32.346731Z",0
44,"1","2024-12-19T05:05:38.249645Z",44,4.483,"pos","it has a handsfree loudspeaker , conference and transfer !","2024-12-19T05:05:38.249680Z",0
45,"1","2024-12-19T05:05:47.850116Z",45,8.35,"pos","seems it is always difficult to press to make a selection . ","2024-12-19T05:05:47.850145Z",0
46,"1","2024-12-19T05:05:55.144998Z",46,4.456,"neg","after 57 pictures total the lcd went black except for the icons showing the settings .","2024-12-19T05:05:55.145034Z",0
47,"1","2024-12-19T05:06:05.291381Z",47,5.97,"pos","battery recharge , is an awesome thing , because it recharges in only like 2-3 hours . ","2024-12-19T05:06:05.291417Z",0
48,"1","2024-12-19T05:06:25.255186Z",48,18.705,"pos","also , very light and portable . ","2024-12-19T05:06:25.255221Z",0
49,"1","2024-12-19T05:06:36.983919Z",49,10.35,"pos","two : it has a removeable / rechargeable battery , so you don 't have to send the thing in when the re !","2024-12-19T05:06:36.983951Z",0
50,"1","2024-12-19T05:06:46.600119Z",50,8.121,"neg","after attempting to navigate the clumsy touch-pad system , i could not get the unit to download my wma files .","2024-12-19T05:06:46.600151Z",0
51,"1","2024-12-19T05:08:13.172222Z",51,23.013,"pos","the interface took a little getting used to .","2024-12-19T05:08:13.172276Z",0
52,"1","2024-12-19T05:08:18.060030Z",52,3.654,"pos","so far it all works fine with either cable or wireless connections .","2024-12-19T05:08:18.060066Z",0
53,"1","2024-12-19T05:08:56.548510Z",53,35.989,"neg","i 've since replaced it with a pair of black sennheisers ... not only are the packaged earbuds pretty uncomfortable , but are too similar to ipod 's and can target ipod theives here in nyc .","2024-12-19T05:08:56.548544Z",0
54,"1","2024-12-19T05:09:05.885763Z",54,7.65,"pos","when i took outdoor photos with plenty of light and the objects were n't moving , the photos were awesome . ","2024-12-19T05:09:05.885795Z",0
55,"1","2024-12-19T05:09:11.926205Z",55,7.7459999999999996,"neg","* lens visible in optical viewfinder . ","2024-12-19T05:09:18.960785Z",0
56,"1","2024-12-19T05:09:29.056441Z",56,8.506,"pos","this little camera has created a marriage between myself and nikon. never knew i could love a digital camera so much . ","2024-12-19T05:09:29.056474Z",0
57,"1","2024-12-19T05:09:32.990878Z",57,2.624,"pos","i love the bluetooth ; easy to use with a wireless jabra headset .","2024-12-19T05:09:32.990928Z",0
58,"1","2024-12-19T05:09:37.913057Z",58,3.503,"pos","i like the speakphone function a lot . ","2024-12-19T05:09:37.913092Z",0
59,"1","2024-12-19T05:09:47.107403Z",59,7.995,"pos","it plays basically every media i 've tested so far , even an old vcd that i ripped years ago and the rental dvd that could n't be played on my old $ 200 sharp player ! ","2024-12-19T05:09:47.107458Z",0
60,"1","2024-12-19T05:09:57.774962Z",60,8.219,"pos","freebies you get : a cradle with detachable stand and belt clip , some thing very handy and useful .","2024-12-19T05:09:57.774996Z",0
61,"1","2024-12-19T05:10:04.573957Z",61,5.518,"pos","i was worried that 4 megapixel photos would download more slowly , but there 's no difference in working with the files . ","2024-12-19T05:10:04.574014Z",0
62,"1","2024-12-19T05:10:15.962760Z",62,9.891,"pos","no skips , and it hasn 't faltered once ( despite your inevitable drop or two .","2024-12-19T05:10:15.962815Z",0
63,"1","2024-12-19T05:10:24.036806Z",63,6.894,"pos","i did not want to have high expectations for this apex player because of the price but it is definitely working out much better than what i would expect from an expensive high-end player . ","2024-12-19T05:10:24.036839Z",0
64,"1","2024-12-19T05:10:30.967241Z",64,5.654,"neg","nagatives of the player itself : you need to do a little work before having full enjoyement of this player .","2024-12-19T05:10:30.967277Z",0
65,"1","2024-12-19T05:10:33.937760Z",65,1.665,"pos","the phone is very light weight . ","2024-12-19T05:10:33.937791Z",0
66,"1","2024-12-19T05:10:36.868871Z",66,1.782,"pos","i think it 's great .","2024-12-19T05:10:36.868923Z",0
67,"1","2024-12-19T05:10:44.061431Z",67,5.166,"pos","another great feature for me anyway is the ability to load .wav sounds as ringers .","2024-12-19T05:10:44.061481Z",0
68,"1","2024-12-19T05:10:52.782642Z",68,7.422,"neg","i have used norton for the past 5 years and for the last 2 years , the software has gotten more and more disgraceful .","2024-12-19T05:10:52.782675Z",0
69,"1","2024-12-19T05:11:04.076278Z",69,9.95,"pos","from the internet , woodworking books , local stores and personal opinions the hitachi m12v 3-1 / 4 hp router time and time again came up to be the router of choice or best for its price .","2024-12-19T05:11:04.076314Z",0
70,"1","2024-12-19T05:11:11.291089Z",70,5.849,"neg","new cds almost always began skipping after a few plays . ","2024-12-19T05:11:11.291139Z",0
71,"1","2024-12-19T05:11:23.656289Z",71,6.966,"neg","first , it failed whenever connecting to get updates .","2024-12-19T05:11:23.656322Z",0
72,"1","2024-12-19T05:11:32.447088Z",72,7.5,"pos","i received this little jewel as a gift and i can honestly say iabsolutely love it .","2024-12-19T05:11:32.447122Z",0
73,"1","2024-12-19T05:11:47.453689Z",73,8.98,"neg","reviews for sound quality are generally ( but not universally ) positive . ","2024-12-19T05:11:47.453723Z",0
74,"1","2024-12-19T05:11:51.246322Z",74,2.399,"neg","the dvd player does not work properly . ","2024-12-19T05:11:51.246357Z",0
75,"1","2024-12-19T05:11:59.395462Z",75,6.909,"neg","after two weeks the picture kept freezing . ","2024-12-19T05:11:59.395513Z",0
76,"1","2024-12-19T05:12:09.731860Z",76,8.827,"pos","i quickly got to use to the interface and can find any song / playlist etc fast enough . ","2024-12-19T05:12:09.731950Z",0
77,"1","2024-12-19T05:12:26.165486Z",77,15.096,"neg","( i never know when the champ is full as there is no way too tell . even though not particularly aesthetic , how about making the champ clear and see-through ? ) so , i lift the lid and find a wad of diaper , which i must remove , usually stuck inside the lid itself because the bag is too full .","2024-12-19T05:12:26.165518Z",0
78,"1","2024-12-19T05:12:39.119423Z",78,8.664,"pos","2 ) nice features , like web browser , camera , video recorder , speaker phone ( very usefully ) , clear voice reception .","2024-12-19T05:12:39.119458Z",0
79,"1","2024-12-19T05:12:46.135727Z",79,5.785,"neg","norton has been on a downhill slid recently with their products , but with this one , they have fallen off the cliff .","2024-12-19T05:12:46.135765Z",0
80,"1","2024-12-19T05:12:53.897147Z",80,6.126,"neg","do n't buy this player . ","2024-12-19T05:12:53.897183Z",0
81,"1","2024-12-19T05:13:13.671661Z",81,3.791,"pos","but , for the money it is a good machine .","2024-12-19T05:13:13.671713Z",0
82,"1","2024-12-19T05:13:25.875817Z",82,8.144,"neg","the only thing i 'm concerned about is the quality / longevity of the buttons on the thing . ","2024-12-19T05:13:25.875850Z",0
83,"1","2024-12-19T05:13:35.926225Z",83,8.656,"neg","the zoom function on this camera is so loud that sometimes you will be unable to use it if you find yourself in a situation where you must be quiet .","2024-12-19T05:13:35.926254Z",0
84,"1","2024-12-19T05:13:46.555330Z",84,9.33,"neg","in fact , each of my creative mp3 players had software problem in the first place . ","2024-12-19T05:13:46.555361Z",0
85,"1","2024-12-19T05:13:56.827929Z",85,8.818,"pos","having used it for more than a month , i can say that it consistently produces topnotch photos . ","2024-12-19T05:13:56.827965Z",0
86,"1","2024-12-19T05:14:06.174704Z",86,7.945,"pos","why bother when it works perfectly with media player 10 ?","2024-12-19T05:14:06.174740Z",0
87,"1","2024-12-19T05:14:11.154280Z",87,3.695,"pos","the software has n't been a hassle for me at all . ","2024-12-19T05:14:11.154313Z",0
88,"1","2024-12-19T05:14:16.715456Z",88,4.322,"neg","also , the battery 's aren 't user replaceable .","2024-12-19T05:14:16.715506Z",0
89,"1","2024-12-19T05:14:30.847613Z",89,13.026,"pos","functionality , menus are easy to navigate ... as many have mentioned , the touch pads take some time to get used to , but i 've gotten used to it .","2024-12-19T05:14:30.847651Z",0
90,"1","2024-12-19T05:14:38.531112Z",90,6.297,"pos","nice machines , but i consider their quality pretty low now . ","2024-12-19T05:14:38.531169Z",0
91,"1","2024-12-19T05:14:49.557235Z",91,9.793,"pos","we don 't have to worry about running out of refills with this diaper pail !","2024-12-19T05:14:49.557274Z",0
92,"1","2024-12-19T05:14:59.238082Z",92,8.408,"pos","limitations : - not a lot of original accessories like the ipod .","2024-12-19T05:14:59.238117Z",0
93,"1","2024-12-19T05:15:11.705540Z",93,10.784,"neg","there is no way the battery supplied lasts 14 hours ! ","2024-12-19T05:15:11.705573Z",0
94,"1","2024-12-19T05:15:18.319414Z",94,5.393,"pos","the design and construction are excellent -- as is the legendary quality of the nikon optics . ","2024-12-19T05:15:18.319448Z",0
95,"1","2024-12-19T05:15:38.424803Z",95,17.716,"pos","i like the nomad 's color better , but it 's not terribly flashy . ","2024-12-19T05:15:38.424840Z",0
96,"1","2024-12-19T05:15:45.227616Z",96,5.567,"pos","very cool features ... great camera with zoom ... cool quality pictures ... great ringtones ... bluetooth feature is great ....","2024-12-19T05:15:45.227652Z",0
97,"1","2024-12-19T05:15:54.301815Z",97,7.75,"pos","the price / performance looked just right . ","2024-12-19T05:15:54.301852Z",0
98,"1","2024-12-19T05:15:59.490437Z",98,4.032,"pos","this phone has a very cool and useful feature -- the speakerphone . ","2024-12-19T05:15:59.490486Z",0
99,"1","2024-12-19T05:16:07.013920Z",99,6.255,"pos","i didnt have any installation problems ; and the touch pad is fine , even if it is sort of inaccurate .","2024-12-19T05:16:07.013961Z",0
100,"1","2024-12-19T05:16:13.338932Z",100,5.106,"neg","the face-plate , which pops out for the battery , pops open by itself every 10 minutes or so . ","2024-12-19T05:16:13.338970Z",0
